"","ENSAYO","PARCELA","SUBPARC","MEDICION1","MEDICION2","NHA1","NHA2","DQ1","DQ2","dom_sp","Delta.ANHO","EDAD1","EDAD2","zone","DummyNA","ingrowth"
"1",1,1,1,2,3,500,500,23.9315691086063,24.3592118099088,4,2,41,43,2,0,FALSE
"2",1,1,1,3,4,500,500,24.3592118099088,25.8881209486127,4,5,43,48,2,0,FALSE
"3",1,1,1,4,5,500,500,25.8881209486127,27.0270975134216,4,3,48,51,2,0,FALSE
"4",1,1,1,5,6,500,60,27.0270975134216,24.9143198448871,4,9,51,60,2,0,FALSE
"5",1,1,2,2,3,540,520,21.9890545162478,22.6732644997787,4,2,41,43,2,0,FALSE
"6",1,1,2,3,4,520,440,22.6732644997787,25.6848206963674,4,5,43,48,2,0,FALSE
"7",1,1,2,4,5,440,440,25.6848206963674,26.9546167406692,4,3,48,51,2,0,FALSE
"8",1,1,3,2,3,600,580,21.1307437950805,21.7458755502802,4,2,41,43,2,0,FALSE
"9",1,1,3,3,4,580,540,21.7458755502802,23.7308935085252,4,5,43,48,2,0,FALSE
"10",1,1,3,4,5,540,540,23.7308935085252,24.6971133415913,4,3,48,51,2,0,FALSE
"11",1,1,4,2,3,440,420,24.5370776951572,25.0300105587558,1,2,41,43,2,0,FALSE
"12",1,1,4,3,4,420,420,25.0300105587558,26.6613643352002,1,5,43,48,2,0,FALSE
"13",1,1,4,4,5,420,420,26.6613643352002,27.8898001495341,1,3,48,51,2,0,FALSE
"14",1,2,1,2,3,240,240,25.6888432333312,26.5864470485747,4,2,41,43,2,0,FALSE
"15",1,2,1,3,4,240,240,26.5864470485747,28.299050337423,4,5,43,48,2,0,FALSE
"16",1,2,1,4,5,240,240,28.299050337423,29.7088651191301,4,3,48,51,2,0,FALSE
"17",1,2,2,2,3,220,220,26.8171417363799,27.5565369245253,4,2,41,43,2,0,FALSE
"18",1,2,2,3,4,220,200,27.5565369245253,28.3006009763927,4,5,43,48,2,0,FALSE
"19",1,2,2,4,5,200,200,28.3006009763927,29.9235358873245,4,3,48,51,2,0,FALSE
"20",1,2,3,2,3,260,200,23.0125383883856,24.3949379995113,4,2,41,43,2,0,FALSE
"21",1,2,3,3,4,200,200,24.3949379995113,26.4029668077283,4,5,43,48,2,0,FALSE
"22",1,2,3,4,5,200,200,26.4029668077283,27.8671132340614,4,3,48,51,2,0,FALSE
"23",1,2,4,2,3,220,220,25.8426180773332,26.3410498858893,1,2,41,43,2,0,FALSE
"24",1,2,4,3,4,220,200,26.3410498858893,28.6143339844736,1,5,43,48,2,0,FALSE
"25",1,2,4,4,5,200,200,28.6143339844736,30.3618016593219,1,3,48,51,2,0,FALSE
"26",1,3,1,2,3,620,620,20.7167923161615,21.0906339096215,4,2,41,43,2,0,FALSE
"27",1,3,1,3,4,620,560,21.0906339096215,22.9824189162297,4,5,43,48,2,0,FALSE
"28",1,3,1,4,5,560,560,22.9824189162297,24.0823883485718,4,3,48,51,2,0,FALSE
"29",1,3,2,2,3,400,400,25.7410178508932,26.109385285755,4,2,41,43,2,0,FALSE
"30",1,3,2,3,4,400,380,26.109385285755,28.1531721476228,4,5,43,48,2,0,FALSE
"31",1,3,2,4,5,380,380,28.1531721476228,29.0000181488147,4,3,48,51,2,0,FALSE
"32",1,3,3,2,3,480,480,24.8495472795784,25.3238359390252,4,2,41,43,2,0,FALSE
"33",1,3,3,3,4,480,480,25.3238359390252,27.1896854964494,4,5,43,48,2,0,FALSE
"34",1,3,3,4,5,480,480,27.1896854964494,28.2786432960753,4,3,48,51,2,0,FALSE
"35",1,3,4,2,3,520,520,23.1670355993497,23.7686768668346,4,2,41,43,2,0,FALSE
"36",1,3,4,3,4,520,520,23.7686768668346,25.4581387167852,4,5,43,48,2,0,FALSE
"37",1,3,4,4,5,520,520,25.4581387167852,26.465500038875,4,3,48,51,2,0,FALSE
"38",1,4,1,2,3,200,200,27.7925349689444,28.5271099132036,4,2,41,43,2,0,FALSE
"39",1,4,1,3,4,200,200,28.5271099132036,30.953029688142,4,5,43,48,2,0,FALSE
"40",1,4,1,4,5,200,200,30.953029688142,32.8973251192251,4,3,48,51,2,0,FALSE
"41",1,4,2,2,3,160,160,31.0136058851595,31.8664008008435,4,2,41,43,2,0,FALSE
"42",1,4,2,3,4,160,160,31.8664008008435,34.0395929282174,4,5,43,48,2,0,FALSE
"43",1,4,2,4,5,160,160,34.0395929282174,35.1642041001926,4,3,48,51,2,0,FALSE
"44",1,4,3,2,3,240,240,25.6584131751491,26.2385689396354,4,2,41,43,2,0,FALSE
"45",1,4,3,3,4,240,220,26.2385689396354,28.655886968554,4,5,43,48,2,0,FALSE
"46",1,4,3,4,5,220,220,28.655886968554,29.9093782799126,4,3,48,51,2,0,FALSE
"47",1,4,4,2,3,220,200,25.9667619712726,26.5857292546208,4,2,41,43,2,0,FALSE
"48",1,4,4,3,4,200,200,26.5857292546208,28.6778709330034,4,5,43,48,2,0,FALSE
"49",1,4,4,4,5,200,200,28.6778709330034,29.984262538872,4,3,48,51,2,0,FALSE
"50",1,5,1,2,3,1000,860,22.3246500532483,23.5084546889085,1,2,41,43,2,0,FALSE
"51",1,5,1,3,4,860,780,23.5084546889085,25.1927053697326,1,5,43,48,2,0,FALSE
"52",1,5,1,4,5,780,800,25.1927053697326,25.7004182845338,1,3,48,51,2,0,TRUE
"53",1,5,2,2,3,1920,1640,19.0371758015731,20.1236391753216,4,2,41,43,2,0,FALSE
"54",1,5,2,3,4,1640,1360,20.1236391753216,22.1520517365707,4,5,43,48,2,0,FALSE
"55",1,5,2,4,5,1360,1400,22.1520517365707,22.527709921022,4,3,48,51,2,0,TRUE
"56",1,5,3,2,3,2220,2000,17.996436083617,18.6977859651885,4,2,41,43,2,0,FALSE
"57",1,5,3,3,4,2000,1560,18.6977859651885,20.9798243760371,4,5,43,48,2,0,FALSE
"58",1,5,3,4,5,1560,1640,20.9798243760371,21.0549600204658,4,3,48,51,2,0,TRUE
"59",1,5,4,2,3,2080,1680,17.5402997518462,18.9239140721343,1,2,41,43,2,0,FALSE
"60",1,5,4,3,4,1680,1220,18.9239140721343,21.6369258430703,1,5,43,48,2,0,FALSE
"61",1,5,4,4,5,1220,1460,21.6369258430703,20.6129896537536,1,3,48,51,2,0,TRUE
"62",1,6,1,2,3,780,760,22.3917280972123,23.1761333680736,1,2,41,43,2,0,FALSE
"63",1,6,1,3,4,760,760,23.1761333680736,24.6982674719993,1,5,43,48,2,0,FALSE
"64",1,6,1,4,5,760,760,24.6982674719993,25.5573040337529,1,3,48,51,2,0,FALSE
"65",1,6,2,2,3,760,700,23.0592143929721,24.1513915600264,1,2,41,43,2,0,FALSE
"66",1,6,2,3,4,700,700,24.1513915600264,25.6510562648013,1,5,43,48,2,0,FALSE
"67",1,6,2,4,5,700,700,25.6510562648013,26.3319686204539,1,3,48,51,2,0,FALSE
"68",1,6,3,2,3,680,660,24.2537140879252,24.9815689635136,1,2,41,43,2,0,FALSE
"69",1,6,3,3,4,660,660,24.9815689635136,26.3304650576384,1,5,43,48,2,0,FALSE
"70",1,6,3,4,5,660,660,26.3304650576384,27.0884242301528,1,3,48,51,2,0,FALSE
"71",1,6,4,2,3,860,780,20.8066961493449,21.7743497650862,1,2,41,43,2,0,FALSE
"72",1,6,4,3,4,780,780,21.7743497650862,23.0451749427299,1,5,43,48,2,0,FALSE
"73",1,6,4,4,5,780,780,23.0451749427299,23.757012460022,1,3,48,51,2,0,FALSE
"74",1,7,1,2,3,1020,960,23.290787541724,24.4137512480159,1,2,41,43,2,0,FALSE
"75",1,7,1,3,4,960,840,24.4137512480159,26.6778704607663,1,5,43,48,2,0,FALSE
"76",1,7,1,4,5,840,840,26.6778704607663,27.3508291856546,1,3,48,51,2,0,FALSE
"77",1,7,2,2,3,1220,1100,20.8073718021156,21.833939385528,1,2,41,43,2,0,FALSE
"78",1,7,2,3,4,1100,1060,21.833939385528,23.0134443376696,1,5,43,48,2,0,FALSE
"79",1,7,2,4,5,1060,1060,23.0134443376696,23.5630386931064,1,3,48,51,2,0,FALSE
"80",1,7,3,2,3,1200,1080,21.4310911217014,22.747893675386,1,2,41,43,2,0,FALSE
"81",1,7,3,3,4,1080,980,22.747893675386,24.4761422650419,1,5,43,48,2,0,FALSE
"82",1,7,3,4,5,980,960,24.4761422650419,25.2638369677556,1,3,48,51,2,0,FALSE
"83",1,7,4,2,3,900,860,24.4123147429962,25.0965623514549,1,2,41,43,2,0,FALSE
"84",1,7,4,3,4,860,820,25.0965623514549,26.4751926712858,1,5,43,48,2,0,FALSE
"85",1,7,4,4,5,820,820,26.4751926712858,27.0180156697657,1,3,48,51,2,0,FALSE
"86",1,8,1,2,3,1200,1100,20.8599496643688,21.7626034538818,1,2,41,43,2,0,FALSE
"87",1,8,1,3,4,1100,980,21.7626034538818,23.5699261561232,1,5,43,48,2,0,FALSE
"88",1,8,1,4,5,980,980,23.5699261561232,24.1960824962072,1,3,48,51,2,0,FALSE
"89",1,8,2,2,3,1420,1200,18.6717380770217,19.8118735442495,1,2,41,43,2,0,FALSE
"90",1,8,2,3,4,1200,1060,19.8118735442495,21.720255156885,1,5,43,48,2,0,FALSE
"91",1,8,2,4,5,1060,1080,21.720255156885,22.1197456619227,1,3,48,51,2,0,TRUE
"92",1,8,3,2,3,1480,1200,19.3949004164023,20.5642164937058,1,2,41,43,2,0,FALSE
"93",1,8,3,3,4,1200,1000,20.5642164937058,22.4519906550622,1,5,43,48,2,0,FALSE
"94",1,8,3,4,5,1000,1000,22.4519906550622,23.0844579750099,1,3,48,51,2,0,FALSE
"95",1,8,4,2,3,1340,1040,19.8691766086186,21.9083800264788,1,2,41,43,2,0,FALSE
"96",1,8,4,3,4,1040,1000,21.9083800264788,23.0966437632181,1,5,43,48,2,0,FALSE
"97",1,8,4,4,5,1000,1040,23.0966437632181,23.4368012716359,1,3,48,51,2,0,TRUE
"98",1,9,1,2,3,1260,1220,20.803334592289,20.7739867283621,4,2,41,43,2,0,FALSE
"99",1,9,1,3,4,1220,1000,20.7739867283621,22.9541424638343,4,5,43,48,2,0,FALSE
"100",1,9,1,4,5,1000,1740,22.9541424638343,19.0402718999228,4,3,48,51,2,0,TRUE
"101",1,9,2,2,3,1540,1340,19.1773168227331,20.4866246864821,1,2,41,43,2,0,FALSE
"102",1,9,2,3,4,1340,1160,20.4866246864821,22.5118691754273,1,5,43,48,2,0,FALSE
"103",1,9,2,4,5,1160,1680,22.5118691754273,19.8252604618692,1,3,48,51,2,0,TRUE
"104",1,9,3,2,3,1580,1300,18.2950190357646,19.7754354226107,1,2,41,43,2,0,FALSE
"105",1,9,3,3,4,1300,1140,19.7754354226107,21.3024011418407,1,5,43,48,2,0,FALSE
"106",1,9,3,4,5,1140,1360,21.3024011418407,20.388884659222,1,3,48,51,2,0,TRUE
"107",1,9,4,2,3,1920,1720,18.8909038957907,19.7437272935447,4,2,41,43,2,0,FALSE
"108",1,9,4,3,4,1720,1460,19.7437272935447,21.9298408457642,4,5,43,48,2,0,FALSE
"109",1,9,4,4,5,1460,2120,21.9298408457642,19.2282933239262,4,3,48,51,2,0,TRUE
"110",1,10,1,2,3,780,760,21.7880230566692,22.4222868451998,1,2,41,43,2,0,FALSE
"111",1,10,1,3,4,760,740,22.4222868451998,23.7040147806858,1,5,43,48,2,0,FALSE
"112",1,10,1,4,5,740,740,23.7040147806858,24.3240954944191,1,3,48,51,2,0,FALSE
"113",1,10,2,2,3,600,600,24.3139191959393,24.8427252933329,1,2,41,43,2,0,FALSE
"114",1,10,2,3,4,600,580,24.8427252933329,26.3294192675326,1,5,43,48,2,0,FALSE
"115",1,10,2,4,5,580,640,26.3294192675326,27.1448026793344,1,3,48,51,2,0,TRUE
"116",1,10,3,2,3,840,760,21.8781800409623,22.817254551395,1,2,41,43,2,0,FALSE
"117",1,10,3,3,4,760,720,22.817254551395,24.6613814016752,1,5,43,48,2,0,FALSE
"118",1,10,3,4,5,720,740,24.6613814016752,25.3791838515933,1,3,48,51,2,0,TRUE
"119",1,10,4,2,3,560,540,26.5924935702862,27.4246037143454,1,2,41,43,2,0,FALSE
"120",1,10,4,3,4,540,520,27.4246037143454,29.9085231934876,1,5,43,48,2,0,FALSE
"121",1,10,4,4,5,520,520,29.9085231934876,30.3860291784032,1,3,48,51,2,0,FALSE
"122",1,11,1,2,3,1860,1400,16.192723707742,18.0749669037437,1,2,41,43,2,0,FALSE
"123",1,11,1,3,4,1400,1220,18.0749669037437,19.8138093635702,1,5,43,48,2,0,FALSE
"124",1,11,1,4,5,1220,1240,19.8138093635702,20.3197544117747,1,3,48,51,2,0,TRUE
"125",1,11,2,2,3,1480,1240,18.0225084494587,19.0793250709057,1,2,41,43,2,0,FALSE
"126",1,11,2,3,4,1240,1000,19.0793250709057,21.5275243873976,1,5,43,48,2,0,FALSE
"127",1,11,2,4,5,1000,1060,21.5275243873976,21.7246273607228,1,3,48,51,2,0,TRUE
"128",1,11,3,2,3,1720,1280,17.8149401633364,19.857173609303,1,2,41,43,2,0,FALSE
"129",1,11,3,3,4,1280,1060,19.857173609303,22.2667543449108,1,5,43,48,2,0,FALSE
"130",1,11,3,4,5,1060,1060,22.2667543449108,22.7104580680438,1,3,48,51,2,0,FALSE
"131",1,11,4,2,3,1340,960,19.5069830588869,22.2728300476911,1,2,41,43,2,0,FALSE
"132",1,11,4,3,4,960,880,22.2728300476911,24.0306473059546,1,5,43,48,2,0,FALSE
"133",1,11,4,4,5,880,880,24.0306473059546,24.5441624239025,1,3,48,51,2,0,FALSE
"134",1,12,1,2,3,2560,2240,15.3409175084152,16.1537727791374,1,2,41,43,2,0,FALSE
"135",1,12,1,3,4,2240,1840,16.1537727791374,18.1419051597699,1,5,43,48,2,0,FALSE
"136",1,12,1,4,5,1840,2180,18.1419051597699,17.447330964883,1,3,48,51,2,0,TRUE
"137",1,12,2,2,3,1940,1740,16.6009874256068,17.2896686977559,4,2,41,43,2,0,FALSE
"138",1,12,2,3,4,1740,1440,17.2896686977559,19.1946081431957,4,5,43,48,2,0,FALSE
"139",1,12,2,4,5,1440,1720,19.1946081431957,18.2814622080707,4,3,48,51,2,0,TRUE
"140",1,12,3,2,3,2000,1840,15.3168208189559,15.9039098282808,1,2,41,43,2,0,FALSE
"141",1,12,3,3,4,1840,1460,15.9039098282808,17.8951368996589,1,5,43,48,2,0,FALSE
"142",1,12,3,4,5,1460,1640,17.8951368996589,17.6421647087243,1,3,48,51,2,0,TRUE
"143",1,12,4,2,3,2900,2320,14.7779542235887,16.0632210021999,1,2,41,43,2,0,FALSE
"144",1,12,4,3,4,2320,1920,16.0632210021999,17.7371951685693,1,5,43,48,2,0,FALSE
"145",1,12,4,4,5,1920,2300,17.7371951685693,16.9694815580154,1,3,48,51,2,0,TRUE
"146",1,13,1,2,3,280,280,24.2074368738204,24.7437582316949,1,2,41,43,2,0,FALSE
"147",1,13,1,3,4,280,280,24.7437582316949,26.8983967923741,1,5,43,48,2,0,FALSE
"148",1,13,1,4,5,280,280,26.8983967923741,28.5443639670901,1,3,48,51,2,0,FALSE
"149",1,13,2,2,3,200,200,27.994642344563,28.5235341428793,4,2,41,43,2,0,FALSE
"150",1,13,2,3,4,200,200,28.5235341428793,30.3257442715756,4,5,43,48,2,0,FALSE
"151",1,13,2,4,5,200,200,30.3257442715756,31.9717218804368,4,3,48,51,2,0,FALSE
"152",1,13,3,2,3,240,240,27.2324102250731,27.6745370331646,4,2,41,43,2,0,FALSE
"153",1,13,3,3,4,240,240,27.6745370331646,29.9324075783673,4,5,43,48,2,0,FALSE
"154",1,13,3,4,5,240,240,29.9324075783673,31.7415211775785,4,3,48,51,2,0,FALSE
"155",1,13,4,2,3,220,220,25.9698251473093,26.7365599201475,4,2,41,43,2,0,FALSE
"156",1,13,4,3,4,220,220,26.7365599201475,29.3727385493141,4,5,43,48,2,0,FALSE
"157",1,13,4,4,5,220,220,29.3727385493141,31.3603107591282,4,3,48,51,2,0,FALSE
"158",1,14,1,2,3,420,420,25.2737394297303,25.6915958094879,1,2,41,43,2,0,FALSE
"159",1,14,1,3,4,420,420,25.6915958094879,28.1535245562696,1,5,43,48,2,0,FALSE
"160",1,14,1,4,5,420,420,28.1535245562696,29.7452837398117,1,3,48,51,2,0,FALSE
"161",1,14,2,2,3,460,460,23.6927800413323,24.5229883277251,4,2,41,43,2,0,FALSE
"162",1,14,2,3,4,460,440,24.5229883277251,26.531273490192,4,5,43,48,2,0,FALSE
"163",1,14,2,4,5,440,440,26.531273490192,28.0269026602526,4,3,48,51,2,0,FALSE
"164",1,14,3,2,3,440,440,26.9391148535157,27.6857938628854,4,2,41,43,2,0,FALSE
"165",1,14,3,3,4,440,400,27.6857938628854,30.3401841365128,4,5,43,48,2,0,FALSE
"166",1,14,3,4,5,400,400,30.3401841365128,31.7310337051915,4,3,48,51,2,0,FALSE
"167",1,14,4,2,3,540,540,23.1156512634477,23.7618898113641,1,2,41,43,2,0,FALSE
"168",1,14,4,3,4,540,540,23.7618898113641,25.6927542612266,1,5,43,48,2,0,FALSE
"169",1,14,4,4,5,540,540,25.6927542612266,27.0117189931141,1,3,48,51,2,0,FALSE
"170",1,15,1,2,3,560,580,25.9358755945725,26.4815485535326,1,2,41,43,2,0,TRUE
"171",1,15,1,3,4,580,580,26.4815485535326,28.1202644480686,1,5,43,48,2,0,FALSE
"172",1,15,1,4,5,580,580,28.1202644480686,29.1834861191902,1,3,48,51,2,0,FALSE
"173",1,15,2,2,3,840,840,19.9090192530684,20.2103756945359,1,2,41,43,2,0,FALSE
"174",1,15,2,3,4,840,800,20.2103756945359,21.4137111084814,1,5,43,48,2,0,FALSE
"175",1,15,2,4,5,800,800,21.4137111084814,22.1917157966661,1,3,48,51,2,0,FALSE
"176",1,15,3,2,3,620,620,26.2483486423739,26.5559603904296,1,2,41,43,2,0,FALSE
"177",1,15,3,3,4,620,620,26.5559603904296,28.0974836722023,1,5,43,48,2,0,FALSE
"178",1,15,3,4,5,620,620,28.0974836722023,28.9658753619474,1,3,48,51,2,0,FALSE
"179",1,15,4,2,3,620,600,25.5366592909475,26.2670452595389,1,2,41,43,2,0,FALSE
"180",1,15,4,3,4,600,580,26.2670452595389,28.1737668204564,1,5,43,48,2,0,FALSE
"181",1,15,4,4,5,580,580,28.1737668204564,29.1547003367234,1,3,48,51,2,0,FALSE
"182",2,1,1,2,3,200,200,27.0324064781514,29.2435121009772,1,3,25,28,4,0,FALSE
"183",2,1,1,3,4,200,200,29.2435121009772,32.3048075345412,1,5,28,33,4,0,FALSE
"184",2,1,1,4,5,200,320,32.3048075345412,31.2569192339872,1,11,33,44,4,0,TRUE
"185",2,1,2,2,3,340,340,18.9848701369708,21.0855261201779,1,3,25,28,4,0,FALSE
"186",2,1,2,3,4,340,340,21.0855261201779,24.2879016553479,1,5,28,33,4,0,FALSE
"187",2,1,2,4,5,340,440,24.2879016553479,28.8582349992637,1,11,33,44,4,0,TRUE
"188",2,1,3,2,3,260,260,22.1738411370072,24.1244689060713,1,3,25,28,4,0,FALSE
"189",2,1,3,3,4,260,260,24.1244689060713,27.1867532501337,1,5,28,33,4,0,FALSE
"190",2,1,3,4,5,260,660,27.1867532501337,21.4959545172123,1,11,33,44,4,0,TRUE
"191",2,1,4,2,3,200,200,27.10127303283,29.0472718168161,1,3,25,28,4,0,FALSE
"192",2,1,4,3,4,200,200,29.0472718168161,32.1096427300274,1,5,28,33,4,0,FALSE
"193",2,1,4,4,5,200,280,32.1096427300274,32.6972803587262,1,11,33,44,4,0,TRUE
"194",2,2,1,2,3,1280,1280,16.7970142436089,17.2814161384419,1,3,25,28,4,0,FALSE
"195",2,2,1,3,4,1280,900,17.2814161384419,20.3675732459848,1,5,28,33,4,0,FALSE
"196",2,2,1,4,5,900,1180,20.3675732459848,19.7821097056603,1,11,33,44,4,0,TRUE
"197",2,2,2,2,3,1500,1500,15.5360698590946,16.171835599791,1,3,25,28,4,0,FALSE
"198",2,2,2,3,4,1500,1280,16.171835599791,17.8714425512409,1,5,28,33,4,0,FALSE
"199",2,2,2,4,5,1280,1500,17.8714425512409,18.5877127873944,1,11,33,44,4,0,TRUE
"200",2,2,3,2,3,1960,1980,13.0972461663839,13.7772906398079,1,3,25,28,4,0,TRUE
"201",2,2,3,3,4,1980,1460,13.7772906398079,15.8985113687238,1,5,28,33,4,0,FALSE
"202",2,2,3,4,5,1460,1900,15.8985113687238,16.0714588470893,1,11,33,44,4,0,TRUE
"203",2,2,4,2,3,1200,1240,18.4647772799999,18.9253158664568,1,3,25,28,4,0,TRUE
"204",2,2,4,3,4,1240,940,18.9253158664568,22.1832081742084,1,5,28,33,4,0,FALSE
"205",2,2,4,4,5,940,1480,22.1832081742084,20.5560505986976,1,11,33,44,4,0,TRUE
"206",2,3,1,2,3,1300,1240,15.9486580096161,16.8640388534779,1,3,25,28,4,0,FALSE
"207",2,3,1,3,4,1240,800,16.8640388534779,21.0045542169207,1,5,28,33,4,0,FALSE
"208",2,3,1,4,5,800,1100,21.0045542169207,21.0804217656617,1,11,33,44,4,0,TRUE
"209",2,3,2,2,3,1800,1740,14.1491146169803,14.9386215492964,1,3,25,28,4,0,FALSE
"210",2,3,2,3,4,1740,1420,14.9386215492964,16.6361499595114,1,5,28,33,4,0,FALSE
"211",2,3,2,4,5,1420,2140,16.6361499595114,16.0200866904675,1,11,33,44,4,0,TRUE
"212",2,3,3,2,3,3100,3040,11.8244143277182,12.3166420363925,1,3,25,28,4,0,FALSE
"213",2,3,3,3,4,3040,2320,12.3166420363925,14.1112751019798,1,5,28,33,4,0,FALSE
"214",2,3,3,4,5,2320,3000,14.1112751019798,14.5596520104935,1,11,33,44,4,0,TRUE
"215",2,3,4,2,3,1140,1140,14.4640510207142,15.0468333207508,1,3,25,28,4,0,FALSE
"216",2,3,4,3,4,1140,860,15.0468333207508,17.9655686516387,1,5,28,33,4,0,FALSE
"217",2,3,4,4,5,860,1180,17.9655686516387,18.4006125542842,1,11,33,44,4,0,TRUE
"218",2,4,1,2,3,180,180,27.4114736723309,29.5377724278592,1,3,25,28,4,0,FALSE
"219",2,4,1,3,4,180,180,29.5377724278592,32.8641522026661,1,5,28,33,4,0,FALSE
"220",2,4,1,4,5,180,460,32.8641522026661,24.457407520191,1,11,33,44,4,0,TRUE
"221",2,4,2,2,3,340,340,21.3327971746351,23.2732110578058,1,3,25,28,4,0,FALSE
"222",2,4,2,3,4,340,340,23.2732110578058,27.2537682482922,1,5,28,33,4,0,FALSE
"223",2,4,2,4,5,340,560,27.2537682482922,28.6011738020862,1,11,33,44,4,0,TRUE
"224",2,4,3,2,3,440,440,18.2330244835623,20.0224760070913,1,3,25,28,4,0,FALSE
"225",2,4,3,3,4,440,420,20.0224760070913,23.0163167568917,1,5,28,33,4,0,FALSE
"226",2,4,3,4,5,420,540,23.0163167568917,26.7800367880698,1,11,33,44,4,0,TRUE
"227",2,4,4,2,3,320,320,21.5021801220248,23.9044582661896,4,3,25,28,4,0,FALSE
"228",2,4,4,3,4,320,320,23.9044582661896,26.6850108159261,4,5,28,33,4,0,FALSE
"229",2,4,4,4,5,320,560,26.6850108159261,25.5766495069233,4,11,33,44,4,0,TRUE
"230",2,5,1,2,3,980,980,16.2108492267697,17.0673276604566,1,3,25,28,4,0,FALSE
"231",2,5,1,3,4,980,780,17.0673276604566,19.21513800225,1,5,28,33,4,0,FALSE
"232",2,5,1,4,5,780,780,19.21513800225,23.0911349400698,1,11,33,44,4,0,FALSE
"233",2,5,2,2,3,1080,1060,15.178829067219,16.045689481708,1,3,25,28,4,0,FALSE
"234",2,5,2,3,4,1060,920,16.045689481708,18.3391403409291,1,5,28,33,4,0,FALSE
"235",2,5,2,4,5,920,980,18.3391403409291,22.2026657711847,1,11,33,44,4,0,TRUE
"236",2,5,3,2,3,640,640,21.0213433205397,22.3584925140314,4,3,25,28,4,0,FALSE
"237",2,5,3,3,4,640,580,22.3584925140314,24.8013906120827,4,5,28,33,4,0,FALSE
"238",2,5,3,4,5,580,600,24.8013906120827,30.137379890539,4,11,33,44,4,0,TRUE
"239",2,5,4,2,3,860,860,17.180295635976,18.7585515382706,1,3,25,28,4,0,FALSE
"240",2,5,4,3,4,860,720,18.7585515382706,21.5780438639958,1,5,28,33,4,0,FALSE
"241",2,5,4,4,5,720,800,21.5780438639958,25.4777353781689,1,11,33,44,4,0,TRUE
"242",2,10,1,2,3,320,320,21.0734281738876,23.0837740631813,1,3,25,28,4,0,FALSE
"243",2,10,1,3,4,320,320,23.0837740631813,26.3894608701946,1,5,28,33,4,0,FALSE
"244",2,10,1,4,5,320,480,26.3894608701946,27.5639937236969,1,11,33,44,4,0,TRUE
"245",2,10,2,2,3,260,240,22.3402706408784,25.0076321683335,1,3,25,28,4,0,FALSE
"246",2,10,2,3,4,240,220,25.0076321683335,30.189164620959,1,5,28,33,4,0,FALSE
"247",2,10,2,4,5,220,440,30.189164620959,28.9121789374148,1,11,33,44,4,0,TRUE
"248",2,10,3,2,3,240,240,23.699630798812,25.2730422914747,4,3,25,28,4,0,FALSE
"249",2,10,3,3,4,240,240,25.2730422914747,27.9870853540447,4,5,28,33,4,0,FALSE
"250",2,10,3,4,5,240,400,27.9870853540447,26.2569324179349,4,11,33,44,4,0,TRUE
"251",2,10,4,2,3,200,200,27.435560865417,29.7704887430489,1,3,25,28,4,0,FALSE
"252",2,10,4,3,4,200,200,29.7704887430489,32.926357935171,1,5,28,33,4,0,FALSE
"253",2,10,4,4,5,200,580,32.926357935171,23.9917730152191,1,11,33,44,4,0,TRUE
"254",2,11,1,2,3,1460,1460,15.1557123368833,15.6684789586198,1,3,25,28,4,0,FALSE
"255",2,11,1,3,4,1460,1120,15.6684789586198,18.2777174166266,1,5,28,33,4,0,FALSE
"256",2,11,1,4,5,1120,1680,18.2777174166266,17.4633970949308,1,11,33,44,4,0,TRUE
"257",2,11,2,2,3,1540,1520,15.0840416231298,15.7135920045103,1,3,25,28,4,0,FALSE
"258",2,11,2,3,4,1520,1280,15.7135920045103,17.7382104367118,1,5,28,33,4,0,FALSE
"259",2,11,2,4,5,1280,1720,17.7382104367118,18.150574979681,1,11,33,44,4,0,TRUE
"260",2,11,3,2,3,1640,1640,11.4470200616878,11.5638102421768,1,3,25,28,4,0,FALSE
"261",2,11,3,3,4,1640,1140,11.5638102421768,13.2282991668878,1,5,28,33,4,0,FALSE
"262",2,11,3,4,5,1140,2760,13.2282991668878,11.7830940057281,1,11,33,44,4,0,TRUE
"263",2,11,4,2,3,2940,2860,12.1424929917386,12.6436971224036,4,3,25,28,4,0,FALSE
"264",2,11,4,3,4,2860,2440,12.6436971224036,13.9284605049853,4,5,28,33,4,0,FALSE
"265",2,11,4,4,5,2440,3560,13.9284605049853,13.8381210973751,4,11,33,44,4,0,TRUE
"266",2,12,1,2,3,1140,1140,14.6993495499965,15.0922020064505,1,3,25,28,4,0,FALSE
"267",2,12,1,3,5,1140,1280,15.0922020064505,16.9959921746275,1,16,28,44,4,0,TRUE
"268",2,12,2,2,3,1360,1360,14.501140928744,14.9630771056821,1,3,25,28,4,0,FALSE
"269",2,12,2,3,5,1360,1340,14.9630771056821,17.5966245067016,1,16,28,44,4,0,FALSE
"270",2,12,3,2,3,1200,1200,15.0696991785946,15.690267684141,1,3,25,28,4,0,FALSE
"271",2,12,3,3,5,1200,1260,15.690267684141,18.9200825529257,1,16,28,44,4,0,TRUE
"272",2,12,4,2,3,1400,1400,14.2521026017717,14.7765257853703,4,3,25,28,4,0,FALSE
"273",2,12,4,3,5,1400,1800,14.7765257853703,16.6010374508476,4,16,28,44,4,0,TRUE
"274",2,13,1,2,3,820,820,17.6829323801505,18.8004086618791,1,3,25,28,4,0,FALSE
"275",2,13,1,3,4,820,760,18.8004086618791,20.9401046838216,1,5,28,33,4,0,FALSE
"276",2,13,1,4,5,760,1220,20.9401046838216,20.1528381436934,1,11,33,44,4,0,TRUE
"277",2,13,2,2,3,800,800,19.1220945505454,19.6423903840648,1,3,25,28,4,0,FALSE
"278",2,13,2,3,4,800,800,19.6423903840648,21.4210966990269,1,5,28,33,4,0,FALSE
"279",2,13,2,4,5,800,1160,21.4210966990269,21.2581302905095,1,11,33,44,4,0,TRUE
"280",2,13,3,2,3,740,740,19.0982806640892,19.8207917042631,1,3,25,28,4,0,FALSE
"281",2,13,3,3,4,740,720,19.8207917042631,21.6740122263872,1,5,28,33,4,0,FALSE
"282",2,13,3,4,5,720,1000,21.6740122263872,21.7864315572789,1,11,33,44,4,0,TRUE
"283",2,13,4,2,3,1020,1020,15.8513313599317,16.4887840667528,1,3,25,28,4,0,FALSE
"284",2,13,4,3,4,1020,960,16.4887840667528,18.1133340464959,1,5,28,33,4,0,FALSE
"285",2,13,4,4,5,960,1360,18.1133340464959,18.1730691182439,1,11,33,44,4,0,TRUE
"286",2,14,1,2,3,1080,1080,16.0968538448886,16.9169868606807,1,3,25,28,4,0,FALSE
"287",2,14,1,3,4,1080,1060,16.9169868606807,18.8180023530385,1,5,28,33,4,0,FALSE
"288",2,14,1,4,5,1060,1140,18.8180023530385,22.068509755011,1,11,33,44,4,0,TRUE
"289",2,14,2,2,3,1060,1060,15.5139499003134,16.1267737067486,1,3,25,28,4,0,FALSE
"290",2,14,2,3,4,1060,980,16.1267737067486,17.8309076476287,1,5,28,33,4,0,FALSE
"291",2,14,2,4,5,980,1060,17.8309076476287,20.0428597364521,1,11,33,44,4,0,TRUE
"292",2,14,3,2,3,680,680,19.8675763050075,21.0842567417716,1,3,25,28,4,0,FALSE
"293",2,14,3,3,4,680,660,21.0842567417716,23.3590906349875,1,5,28,33,4,0,FALSE
"294",2,14,3,4,5,660,700,23.3590906349875,27.6589381058431,1,11,33,44,4,0,TRUE
"295",2,14,4,2,3,1220,1220,14.5995733151215,15.3268916143286,1,3,25,28,4,0,FALSE
"296",2,14,4,3,4,1220,1120,15.3268916143286,16.6744394658746,1,5,28,33,4,0,FALSE
"297",2,14,4,4,5,1120,1140,16.6744394658746,19.412624758131,1,11,33,44,4,0,TRUE
"298",2,15,1,2,3,2820,2820,12.6636493233348,13.0905330960045,1,3,25,28,4,0,FALSE
"299",2,15,1,3,4,2820,1740,13.0905330960045,16.9644888253764,1,5,28,33,4,0,FALSE
"300",2,15,1,4,5,1740,2220,16.9644888253764,18.1555615284798,1,11,33,44,4,0,TRUE
"301",2,15,2,2,3,2320,2320,15.1156461529334,15.6886819516271,4,3,25,28,4,0,FALSE
"302",2,15,2,3,4,2320,1840,15.6886819516271,18.2944313427767,4,5,28,33,4,0,FALSE
"303",2,15,2,4,5,1840,2060,18.2944313427767,20.6184783746385,4,11,33,44,4,0,TRUE
"304",2,15,3,2,3,2440,2340,13.5937093696397,14.6229739629587,4,3,25,28,4,0,FALSE
"305",2,15,3,3,4,2340,2040,14.6229739629587,16.7562354755808,4,5,28,33,4,0,FALSE
"306",2,15,3,4,5,2040,2140,16.7562354755808,19.6220884500144,4,11,33,44,4,0,TRUE
"307",2,15,4,2,3,3500,3480,10.8596237766982,11.2684739759706,1,3,25,28,4,0,FALSE
"308",2,15,4,3,4,3480,2260,11.2684739759706,13.5923288978474,1,5,28,33,4,0,FALSE
"309",2,15,4,4,5,2260,2640,13.5923288978474,15.2079948073573,1,11,33,44,4,0,TRUE
"310",2,16,1,2,3,140,120,30.2525087507513,34.7684243723142,1,3,25,28,4,0,FALSE
"311",2,16,1,3,4,120,120,34.7684243723142,39.4692973042022,1,5,28,33,4,0,FALSE
"312",2,16,1,4,5,120,400,39.4692973042022,30.2820904166142,1,11,33,44,4,0,TRUE
"313",2,16,2,2,3,260,240,26.8693419804345,28.8612340923484,1,3,25,28,4,0,FALSE
"314",2,16,2,3,4,240,240,28.8612340923484,31.6729864855947,1,5,28,33,4,0,FALSE
"315",2,16,2,4,5,240,460,31.6729864855947,29.8335236007211,1,11,33,44,4,0,TRUE
"316",2,16,3,2,3,240,200,22.4021018359141,23.2416436596038,1,3,25,28,4,0,FALSE
"317",2,16,3,3,4,200,200,23.2416436596038,25.6798927300135,1,5,28,33,4,0,FALSE
"318",2,16,3,4,5,200,240,25.6798927300135,33.4222979461317,1,11,33,44,4,0,TRUE
"319",2,16,4,2,3,180,180,23.4864026856203,26.3454191674969,1,3,25,28,4,0,FALSE
"320",2,16,4,3,4,180,180,26.3454191674969,31.5240091206951,1,5,28,33,4,0,FALSE
"321",2,16,4,4,5,180,420,31.5240091206951,30.3850683881472,1,11,33,44,4,0,TRUE
"322",3,1,1,2,3,1120,1100,18.954451983637,20.2525688606296,1,3,37,40,4,0,FALSE
"323",3,1,1,3,4,1100,900,20.2525688606296,22.630937242578,1,5,40,45,4,0,FALSE
"324",3,1,1,4,5,900,900,22.630937242578,23.8599385302365,1,6,45,51,4,0,FALSE
"325",3,1,2,2,3,2080,2000,15.0181748865525,16.2591574197435,1,3,37,40,4,0,FALSE
"326",3,1,2,3,4,2000,1660,16.2591574197435,17.9970103284607,1,5,40,45,4,0,FALSE
"327",3,1,2,4,5,1660,1640,17.9970103284607,19.2537136107526,1,6,45,51,4,0,FALSE
"328",3,1,3,2,3,1620,1580,14.5820073471249,15.8741570094129,1,3,37,40,4,0,FALSE
"329",3,1,3,3,4,1580,1340,15.8741570094129,17.5657195558702,1,5,40,45,4,0,FALSE
"330",3,1,3,4,5,1340,1340,17.5657195558702,18.7176267790232,1,6,45,51,4,0,FALSE
"331",3,1,4,2,3,1460,1380,17.5434607104365,19.1070440004408,4,3,37,40,4,0,FALSE
"332",3,1,4,3,4,1380,1240,19.1070440004408,20.2958201258973,4,5,40,45,4,0,FALSE
"333",3,1,4,4,5,1240,1240,20.2958201258973,21.3103829002399,4,6,45,51,4,0,FALSE
"334",3,2,1,2,3,440,440,23.959501816038,25.6540445154365,4,3,37,40,4,0,FALSE
"335",3,2,1,3,4,440,420,25.6540445154365,27.6920357318707,4,5,40,45,4,0,FALSE
"336",3,2,1,4,5,420,400,27.6920357318707,30.0017666146512,4,6,45,51,4,0,FALSE
"337",3,2,2,2,3,480,480,23.3900085506611,24.7322495270177,4,3,37,40,4,0,FALSE
"338",3,2,2,3,4,480,480,24.7322495270177,26.4569373723409,4,5,40,45,4,0,FALSE
"339",3,2,2,4,5,480,480,26.4569373723409,28.9953157136344,4,6,45,51,4,0,FALSE
"340",3,2,3,2,3,480,480,24.6939348153887,26.3395140425939,1,3,37,40,4,0,FALSE
"341",3,2,3,3,4,480,480,26.3395140425939,27.8134909517957,1,5,40,45,4,0,FALSE
"342",3,2,3,4,5,480,480,27.8134909517957,29.615346528447,1,6,45,51,4,0,FALSE
"343",3,2,4,2,3,600,600,20.7658453556154,22.2593650703099,1,3,37,40,4,0,FALSE
"344",3,2,4,3,4,600,580,22.2593650703099,23.367314031811,1,5,40,45,4,0,FALSE
"345",3,2,4,4,5,580,580,23.367314031811,25.3346770666011,1,6,45,51,4,0,FALSE
"346",3,5,1,2,3,280,280,22.8781086880637,24.4665807057008,1,3,37,40,4,0,FALSE
"347",3,5,1,3,4,280,260,24.4665807057008,27.7610743181556,1,5,40,45,4,0,FALSE
"348",3,5,1,4,5,260,260,27.7610743181556,31.0859973423603,1,6,45,51,4,0,FALSE
"349",3,5,2,2,3,220,220,23.6621101034006,25.1374403846316,1,3,37,40,4,0,FALSE
"350",3,5,2,3,4,220,200,25.1374403846316,27.0980530543957,1,5,40,45,4,0,FALSE
"351",3,5,2,4,5,200,200,27.0980530543957,30.8963104593413,1,6,45,51,4,0,FALSE
"352",3,5,3,2,3,160,160,33.6027900627314,34.9141984012235,1,3,37,40,4,0,FALSE
"353",3,5,3,3,4,160,140,34.9141984012235,39.518629056471,1,5,40,45,4,0,FALSE
"354",3,5,3,4,5,140,140,39.518629056471,43.1435808832388,1,6,45,51,4,0,FALSE
"355",3,5,4,2,3,200,180,28.7175207843574,31.1794982498293,1,3,37,40,4,0,FALSE
"356",3,5,4,3,4,180,180,31.1794982498293,33.5964961660778,1,5,40,45,4,0,FALSE
"357",3,5,4,4,5,180,180,33.5964961660778,37.3335119043348,1,6,45,51,4,0,FALSE
"358",3,6,1,2,3,240,240,26.5074360636156,27.8167665266831,4,3,37,40,4,0,FALSE
"359",3,6,1,3,4,240,220,27.8167665266831,31.0108193475125,4,5,40,45,4,0,FALSE
"360",3,6,1,4,5,220,220,31.0108193475125,33.849734791495,4,6,45,51,4,0,FALSE
"361",3,6,2,2,3,180,180,29.9575811217573,31.6096504251471,1,3,37,40,4,0,FALSE
"362",3,6,2,3,4,180,140,31.6096504251471,37.9514615746911,1,5,40,45,4,0,FALSE
"363",3,6,2,4,5,140,140,37.9514615746911,42.0084515306146,1,6,45,51,4,0,FALSE
"364",3,6,3,2,3,160,160,30.2121043623247,31.9376541092172,1,3,37,40,4,0,FALSE
"365",3,6,3,3,4,160,160,31.9376541092172,34.3644970430937,1,5,40,45,4,0,FALSE
"366",3,6,3,4,5,160,160,34.3644970430937,38.2652747278783,1,6,45,51,4,0,FALSE
"367",3,6,4,2,3,220,220,24.2957908812505,26.8395569669437,1,3,37,40,4,0,FALSE
"368",3,6,4,3,4,220,220,26.8395569669437,29.5749418016249,1,5,40,45,4,0,FALSE
"369",3,6,4,4,5,220,220,29.5749418016249,33.1097623615206,1,6,45,51,4,0,FALSE
"370",3,7,1,2,3,200,200,29.2614080317404,30.7558124587857,1,3,37,40,4,0,FALSE
"371",3,7,1,3,4,200,200,30.7558124587857,33.5899416763141,1,5,40,45,4,0,FALSE
"372",3,7,1,4,5,200,200,33.5899416763141,37.5483421737898,1,6,45,51,4,0,FALSE
"373",3,7,2,2,3,300,300,17.0006470465097,18.845812974416,1,3,37,40,4,0,FALSE
"374",3,7,2,3,4,300,300,18.845812974416,21.8982260247332,1,5,40,45,4,0,FALSE
"375",3,7,2,4,5,300,300,21.8982260247332,25.8909250510676,1,6,45,51,4,0,FALSE
"376",3,7,3,2,3,260,260,21.2477329107402,23.0620067176765,4,3,37,40,4,0,FALSE
"377",3,7,3,3,4,260,240,23.0620067176765,25.0322911291307,4,5,40,45,4,0,FALSE
"378",3,7,3,4,5,240,260,25.0322911291307,28.6255130958381,4,6,45,51,4,0,TRUE
"379",3,7,4,2,3,240,220,25.6155389038242,27.6302699621596,1,3,37,40,4,0,FALSE
"380",3,7,4,3,4,220,220,27.6302699621596,30.2251114619127,1,5,40,45,4,0,FALSE
"381",3,7,4,4,5,220,220,30.2251114619127,33.6932418365248,1,6,45,51,4,0,FALSE
"382",3,8,1,2,3,400,400,25.8700405875213,27.2233723113063,1,3,37,40,4,0,FALSE
"383",3,8,1,3,4,400,160,27.2233723113063,35.0868111714618,1,5,40,45,4,0,FALSE
"384",3,8,1,4,5,160,180,35.0868111714618,37.0542245304845,1,6,45,51,4,0,TRUE
"385",3,8,2,2,3,280,280,28.8594376739593,30.0599638817386,1,3,37,40,4,0,FALSE
"386",3,8,2,3,4,280,220,30.0599638817386,34.1851372135764,1,5,40,45,4,0,FALSE
"387",3,8,2,4,5,220,220,34.1851372135764,37.2523824741452,1,6,45,51,4,0,FALSE
"388",3,8,3,2,3,240,240,33.0188203908014,34.2130092216397,1,3,37,40,4,0,FALSE
"389",3,8,3,3,4,240,180,34.2130092216397,39.6652067004514,1,5,40,45,4,0,FALSE
"390",3,8,3,4,5,180,180,39.6652067004514,42.3141032438752,1,6,45,51,4,0,FALSE
"391",3,8,4,2,3,300,320,28.9743679827533,30.2949665786249,1,3,37,40,4,0,TRUE
"392",3,8,4,3,4,320,300,30.2949665786249,32.779646224625,1,5,40,45,4,0,FALSE
"393",3,8,4,4,5,300,300,32.779646224625,35.8706844094171,1,6,45,51,4,0,FALSE
"394",3,9,1,2,3,520,520,26.7182377931111,27.7221377797046,1,3,37,40,4,0,FALSE
"395",3,9,1,3,4,520,80,27.7221377797046,25.4901941930618,1,5,40,45,4,0,FALSE
"396",3,9,2,2,3,740,740,22.7718887868117,23.6458841627425,1,3,37,40,4,0,FALSE
"397",3,9,2,3,4,740,80,23.6458841627425,24.7057179616379,1,5,40,45,4,0,FALSE
"398",3,9,3,2,3,540,520,26.5372763681022,27.6274180981363,4,3,37,40,4,0,FALSE
"399",3,9,3,3,4,520,80,27.6274180981363,25.0699022734434,4,5,40,45,4,0,FALSE
"400",3,9,4,2,3,540,540,27.3168175034816,28.4677855621897,1,3,37,40,4,0,FALSE
"401",3,9,4,3,4,540,80,28.4677855621897,30.5327692815441,1,5,40,45,4,0,FALSE
"402",3,10,1,2,3,620,620,24.1411307429538,24.7762177852459,1,3,37,40,4,0,FALSE
"403",3,10,1,3,4,620,520,24.7762177852459,21.8527593867748,1,5,40,45,4,0,FALSE
"404",3,10,1,4,5,520,520,21.8527593867748,23.9582730211058,1,6,45,51,4,0,FALSE
"405",3,10,2,2,3,480,480,28.2547119964087,29.1304608614419,1,3,37,40,4,0,FALSE
"406",3,10,2,3,4,480,480,29.1304608614419,30.7073936614961,1,5,40,45,4,0,FALSE
"407",3,10,2,4,5,480,480,30.7073936614961,32.7310886874645,1,6,45,51,4,0,FALSE
"408",3,10,3,2,3,700,700,23.5770348311354,24.25638649334,1,3,37,40,4,0,FALSE
"409",3,10,3,3,4,700,560,24.25638649334,27.3418431035203,1,5,40,45,4,0,FALSE
"410",3,10,3,4,5,560,660,27.3418431035203,27.9704443578531,1,6,45,51,4,0,TRUE
"411",3,10,4,2,3,840,840,20.6240555339309,21.3877802227614,1,3,37,40,4,0,FALSE
"412",3,10,4,3,4,840,800,21.3877802227614,23.1877254951055,1,5,40,45,4,0,FALSE
"413",3,10,4,4,5,800,800,23.1877254951055,25.2727125572227,1,6,45,51,4,0,FALSE
"414",3,11,1,2,3,500,500,27.6144092821121,29.0420660422085,1,3,37,40,4,0,FALSE
"415",3,11,1,3,4,500,80,29.0420660422085,22.2092323145128,1,5,40,45,4,0,FALSE
"416",3,11,1,4,5,80,480,22.2092323145128,31.7897585709612,1,6,45,51,4,0,TRUE
"417",3,11,2,2,3,860,860,20.9817140763427,22.1000736608264,4,3,37,40,4,0,FALSE
"418",3,11,2,3,4,860,80,22.1000736608264,25.0099980007996,4,5,40,45,4,0,FALSE
"419",3,11,2,4,5,80,680,25.0099980007996,26.4934675633336,4,6,45,51,4,0,TRUE
"420",3,11,3,2,3,1040,1040,18.8742702355105,20.4274890207364,4,3,37,40,4,0,FALSE
"421",3,11,3,3,4,1040,80,20.4274890207364,23.7170824512628,4,5,40,45,4,0,FALSE
"422",3,11,3,4,5,80,960,23.7170824512628,23.5421209395699,4,6,45,51,4,0,TRUE
"423",3,11,4,2,3,640,640,25.3587571166254,27.1337543476755,1,3,37,40,4,0,FALSE
"424",3,11,4,3,4,640,80,27.1337543476755,27.7037903543901,1,5,40,45,4,0,FALSE
"425",3,11,4,4,5,80,620,27.7037903543901,30.5576134856026,1,6,45,51,4,0,TRUE
"426",3,12,1,2,3,1940,1180,16.7970879901385,21.0166318319402,1,3,37,40,4,0,FALSE
"427",3,12,1,3,4,1180,80,21.0166318319402,22.7321358433386,1,5,40,45,4,0,FALSE
"428",3,12,1,4,5,80,740,22.7321358433386,26.377560078136,1,6,45,51,4,0,TRUE
"429",3,12,2,2,3,1700,1180,16.9335379021146,20.4869243127564,1,3,37,40,4,0,FALSE
"430",3,12,2,3,4,1180,60,20.4869243127564,23.7977589981354,1,5,40,45,4,0,FALSE
"431",3,12,2,4,5,60,960,23.7977589981354,23.547872338423,1,6,45,51,4,0,TRUE
"432",3,12,3,2,3,820,760,21.2623335800258,23.0806879857325,1,3,37,40,4,0,FALSE
"433",3,12,3,3,4,760,80,23.0806879857325,23.5265807120372,1,5,40,45,4,0,FALSE
"434",3,12,3,4,5,80,740,23.5265807120372,25.5558265424985,1,6,45,51,4,0,TRUE
"435",3,12,4,2,3,980,820,21.6686880271125,24.2212263289465,1,3,37,40,4,0,FALSE
"436",3,12,4,3,4,820,80,24.2212263289465,23.2701525564402,1,5,40,45,4,0,FALSE
"437",3,12,4,4,5,80,720,23.2701525564402,26.9690769421408,1,6,45,51,4,0,TRUE
"438",3,13,1,2,3,1160,760,17.3196221189963,21.6369141198919,4,3,37,40,4,0,FALSE
"439",3,13,1,3,5,760,560,21.6369141198919,25.2457068486053,4,11,40,51,4,0,FALSE
"440",3,13,2,2,3,720,520,19.3341163634534,22.784264137946,1,3,37,40,4,0,FALSE
"441",3,13,2,3,5,520,360,22.784264137946,27.7699777937734,1,11,40,51,4,0,FALSE
"442",3,13,3,2,3,1260,1180,19.5094930087975,20.9410310075941,1,3,37,40,4,0,FALSE
"443",3,13,3,3,5,1180,900,20.9410310075941,24.6210794961463,1,11,40,51,4,0,FALSE
"444",3,13,4,2,3,1240,1080,18.6492756929316,20.4226317816507,1,3,37,40,4,0,FALSE
"445",3,13,4,3,5,1080,800,20.4226317816507,24.6029215744797,1,11,40,51,4,0,FALSE
"446",3,20,1,2,3,380,380,24.880673116635,26.630443599681,1,3,37,40,4,0,FALSE
"447",3,20,1,3,4,380,80,26.630443599681,24.1350367722943,1,5,40,45,4,0,FALSE
"448",3,20,1,4,5,80,360,24.1350367722943,30.2938570964111,1,6,45,51,4,0,TRUE
"449",3,20,2,2,3,460,460,22.6432637069913,24.0819163617054,1,3,37,40,4,0,FALSE
"450",3,20,2,3,4,460,80,24.0819163617054,27.5907593226428,1,5,40,45,4,0,FALSE
"451",3,20,2,4,5,80,440,27.5907593226428,29.4271287945479,1,6,45,51,4,0,TRUE
"452",3,20,3,2,3,420,420,25.903272453679,27.2076844887266,1,3,37,40,4,0,FALSE
"453",3,20,3,3,4,420,60,27.2076844887266,34.6650640655209,1,5,40,45,4,0,FALSE
"454",3,20,3,4,5,60,400,34.6650640655209,32.3581674388399,1,6,45,51,4,0,TRUE
"455",3,20,4,2,3,360,360,28.5026606945153,30.1675045924142,1,3,37,40,4,0,FALSE
"456",3,20,4,3,4,360,80,30.1675045924142,24.984995497298,1,5,40,45,4,0,FALSE
"457",3,20,4,4,5,80,340,24.984995497298,35.4917637504485,1,6,45,51,4,0,TRUE
